Domain,Status,Detail
365snowremoval.com,ACTIVE,Appears in use
abudhabichocolatefactory.com,ACTIVE,Appears in use
americaschocolatefactory.com,ACTIVE,Appears in use
amsterdam-chocolatefactory.com,ACTIVE,Appears in use
andre-coton.com,ACTIVE,Appears in use
andrecoton.com,ACTIVE,Appears in use
artcryptofund.com,PARKED,Redirected to www.afternic.com
artcryptofunds.com,ACTIVE,Appears in use
artfundcrypto.com,ACTIVE,Appears in use
beaches-cream.com,ACTIVE,Appears in use
beachesandcreme.com,ACTIVE,Appears in use
beachesncream.com,ACTIVE,Appears in use
belgianchocolatefactory.be,ACTIVE,Appears in use
belgianchocolatefactory.com,ACTIVE,Appears in use
belgianchocolatespoon.com,ACTIVE,Appears in use
belgiumchocolatefactory.com,ACTIVE,Appears in use
belgiumchocolatespoon.com,ACTIVE,Appears in use
bestproductcomparison.com,ACTIVE,Appears in use
beststroopwafel.com,ACTIVE,Appears in use
brusselsinternationalairport.com,ACTIVE,Appears in use
brusselsinternationalairports.com,ACTIVE,Appears in use
buynakefit.com,ACTIVE,Appears in use
chicagochocolatefactory.com,ACTIVE,Appears in use
chocolatefactorydubai.com,ACTIVE,Appears in use
commercialsnowpartner.com,ACTIVE,Appears in use
commercialsnowpartners.com,ACTIVE,Appears in use
cryptofundcomparison.com,ACTIVE,Appears in use
cryptoharrald.com,ACTIVE,Appears in use
cryptotimesonline.com,ACTIVE,Appears in use
cubanwatches.com,INACTIVE,"HTTPConnectionPool(host='cubanwatches.com', port=80): Max retries exceeded with url: / (Caused by NameResolutionError(""<urllib3.connection.HTTPConnection object at 0x0000027349AD9650>: Failed to resolve 'cubanwatches.com' ([Errno 11002] getaddrinfo failed)""))"
delhichocolatefactory.com,ACTIVE,Appears in use
digicardprocessing.com,ACTIVE,Appears in use
digitaltouchcard.com,ACTIVE,Appears in use
dogsfoodcomparison.com,ACTIVE,Appears in use
dropmyluggage.com,ACTIVE,Appears in use
dropoffmybag.com,ACTIVE,Appears in use
dropoffmyluggage.com,ACTIVE,Appears in use
dubaichocolatedistribution.com,ACTIVE,Appears in use
elonmuskvsmarkzuckerbergfight.com,ACTIVE,Appears in use
elonvsmarkfight.com,ACTIVE,Appears in use
esquinamexicana.com,ACTIVE,Appears in use
extravertsalads.com,ACTIVE,Appears in use
faceofluxury.com,ACTIVE,Appears in use
facilitycomparison.com,ACTIVE,Appears in use
fixycar.com,ACTIVE,Appears in use
fruit4home.com,ACTIVE,Appears in use
fruit4office.com,ACTIVE,Appears in use
fruit4offices.nl,ACTIVE,Appears in use
fruit4school.com,ACTIVE,Appears in use
fruitforhome.com,ACTIVE,Appears in use
fruits4home.com,ACTIVE,Appears in use
fruits4school.com,ACTIVE,Appears in use
gautam-group.com,ACTIVE,Appears in use
gautamdiamonds.be,ACTIVE,Appears in use
gautamdiamonds.com,ACTIVE,Appears in use
gautamdiamondsandgold.com,ACTIVE,Appears in use
gautamdiamondstours.com,ACTIVE,Appears in use
gautamhotelandresort.com,ACTIVE,Appears in use
gautamhotels.com,ACTIVE,Appears in use
gautamhotelsandresorts.com,ACTIVE,Appears in use
gautamresidence.com,ACTIVE,Appears in use
gautamresidences.com,ACTIVE,Appears in use
gautamresort.com,ACTIVE,Appears in use
gautamresorts.com,ACTIVE,Appears in use
gpsjeweler.com,ACTIVE,Appears in use
gpsjewelers.com,ACTIVE,Appears in use
gpsjeweller.com,ACTIVE,Appears in use
gpsjewellers.com,ACTIVE,Appears in use
humans2mars.com,ACTIVE,Appears in use
laesquinamexicana.com,ACTIVE,Appears in use
littlebiggs.com,ACTIVE,Appears in use
littlebiggssandwich.com,ACTIVE,Appears in use
londonchocolatefactory.com,ACTIVE,Appears in use
lorenzodesignmilano.com,ACTIVE,Appears in use
lorenzodesignstudio.com,ACTIVE,Appears in use
maintenancecomparison.com,ACTIVE,Appears in use
mileniushomes.com,ACTIVE,Appears in use
milleniusagency.com,ACTIVE,Appears in use
milleniusgroup.com,ACTIVE,Appears in use
mirchigin.com,ACTIVE,Appears in use
misterstroop.com,ACTIVE,Appears in use
mrstroop.com,INACTIVE,"HTTPConnectionPool(host='mrstroop.com', port=80): Max retries exceeded with url: / (Caused by NameResolutionError(""<urllib3.connection.HTTPConnection object at 0x0000027349ADB550>: Failed to resolve 'mrstroop.com' ([Errno 11002] getaddrinfo failed)""))"
mrstroop.nl,INACTIVE,"HTTPConnectionPool(host='mrstroop.nl', port=80): Max retries exceeded with url: / (Caused by NameResolutionError(""<urllib3.connection.HTTPConnection object at 0x0000027349ADB650>: Failed to resolve 'mrstroop.nl' ([Errno 11002] getaddrinfo failed)""))"
mumbaichocolatefactory.com,ACTIVE,Appears in use
nakefitus.com,ACTIVE,Appears in use
nationalmaintenanceprovider.com,ACTIVE,Appears in use
nationalmaintenanceproviders.com,ACTIVE,Appears in use
nationalserviceproviders.com,ACTIVE,Appears in use
nationalsnowremoval.com,ACTIVE,Appears in use
newyorkchocolatefactory.com,ACTIVE,Appears in use
newyorkcitysnowremovalny.com,ACTIVE,Appears in use
newyorksdesign.com,ACTIVE,Appears in use
newyorksdesignstudio.com,ACTIVE,Appears in use
newyorkwatchclub.com,UNKNOWN,HTTP 409
novusnational.com,ACTIVE,Appears in use
novusscaffolding.com,ACTIVE,Appears in use
novussnowmanagement.com,ACTIVE,Appears in use
NOVUSTRAVELS.COM,ACTIVE,Appears in use
oceanaboating.com,ACTIVE,Appears in use
oceanaislandtours.com,ACTIVE,Appears in use
organicdogsfood.com,ACTIVE,Appears in use
organicpetsfood.com,ACTIVE,Appears in use
parischocolatefactory.com,ACTIVE,Appears in use
perfect4love.com,ACTIVE,Appears in use
perfectvalentinesgift.com,UNKNOWN,HTTP 409
perfectvalentinesgifts.com,ACTIVE,Appears in use
petpoows.com,ACTIVE,Appears in use
petsfoodcomparison.com,ACTIVE,Appears in use
praguechocolatefactory.com,ACTIVE,Appears in use
publiccryptofund.com,ACTIVE,Appears in use
queuepoleandco.com,ACTIVE,Appears in use
queuing-poles.com,ACTIVE,Appears in use
queuingpolecompany.com,ACTIVE,Appears in use
queuingpost.com,ACTIVE,Appears in use
snowremovalbrooklynny.com,ACTIVE,Appears in use
snowremovalcomparison.com,ACTIVE,Appears in use
snowremovalmanhattan.com,ACTIVE,Appears in use
snowremovalnewyorkcity.com,ACTIVE,Appears in use
snowremovalqueensny.com,ACTIVE,Appears in use
snowremovalstatenislandny.com,ACTIVE,Appears in use
storage-comparison.com,ACTIVE,Appears in use
stroopi.com,ACTIVE,Appears in use
stroopie.com,ACTIVE,Appears in use
stroopiestroop.com,ACTIVE,Appears in use
stroopscoop.com,ACTIVE,Appears in use
stroopwafelfactory.com,ACTIVE,Appears in use
stroopwafels.us,ACTIVE,Appears in use
synthetixfund.com,ACTIVE,Appears in use
tapicard.com,ACTIVE,Appears in use
theamericanchocolatefactory.com,ACTIVE,Appears in use
thefaceofluxury.com,ACTIVE,Appears in use
thelovecut.com,ACTIVE,Appears in use
thescaffoldingcompany.com,ACTIVE,Appears in use
topratedarchitecturalfirms.com,ACTIVE,Appears in use
unitedstateschocolatefactory.com,ACTIVE,Appears in use
vanwonderenfries.com,ACTIVE,Appears in use
vanwonderenstroopwafel.com,ACTIVE,Appears in use
vanwonderenstroopwaffles.com,ACTIVE,Appears in use
vanwonderenwaffles.com,ACTIVE,Appears in use
venicechocolatefactory.com,ACTIVE,Appears in use
viennachocolatefactory.com,ACTIVE,Appears in use
wafflesandco.com,ACTIVE,Appears in use
wholesaledubaichocolate.com,ACTIVE,Appears in use
wonderen-stroopwafels.com,ACTIVE,Appears in use
wonderen.co.uk,ACTIVE,Appears in use
wonderen.com,ACTIVE,Appears in use
wonderen.com.co,ACTIVE,Appears in use
wonderenspringwater.com,ACTIVE,Appears in use
wonderenstroopwafel.com,ACTIVE,Appears in use
wonderenstroopwafels.co,ACTIVE,Appears in use
wonderenstroopwafels.co.uk,ACTIVE,Appears in use
wonderenstroopwafels.com,ACTIVE,Appears in use
wonderenstroopwafels.com.co,UNKNOWN,HTTP 404
wonderenstroopwafels.nl,ACTIVE,Appears in use
wonderenstroopwafels.shop,ACTIVE,Appears in use
wonderenwater.com,ACTIVE,Appears in use
wonderstroopwafels.com,UNKNOWN,HTTP 409
wonderstroopwafels.nl,ACTIVE,Appears in use
xlmfund.com,PARKED,Redirected to www.afternic.com
yudhigautam.com,ACTIVE,Appears in use
